locus, AA, fitness value
3.L,0.7384793
6.N, -2.0823348
12.F, 1.2905028
4.L,0.5719150
6.S, -3.0052691
9.A, -0.8865725
1.T, -1.0215620
8.A, -1.9662438
4.I,0.4089600
3.L,0.6817132
12.A,-3.2043016
6.N, -2.1946451
12.F, 1.2960258
4.L,0.5306649
6.S, -2.9798937
9.A, -0.8066230
8.A, -2.0976783
4.I,0.4215374
6.A, -2.1161997
8.V, -1.2145925
8.Y, -2.0684780
10.L, 2.1085660
3.M,0.6438723
5.V,1.0150859
3.F,0.5860611
12.I,-0.6678981
6.T, -2.3818678
3.W,1.4100249
7.F,0.7971833
0.V,2.5109082
11.V,-1.2832505
6.F, -1.4109169
6.G, -1.8158958
11.R, 0.6725066
10.Q,-1.2032790
12.P,-1.9275837
2.A, -2.3994407
